{
    "cat": {
        "precision": 0.9660883280757098,
        "recall": 0.9745425616547335,
        "f1-score": 0.9702970297029703,
        "support": 1257.0
    },
    "dog": {
        "precision": 0.974025974025974,
        "recall": 0.9654062751407884,
        "f1-score": 0.9696969696969697,
        "support": 1243.0
    },
    "accuracy": 0.97,
    "macro avg": {
        "precision": 0.9700571510508419,
        "recall": 0.969974418397761,
        "f1-score": 0.96999699969997,
        "support": 2500.0
    },
    "weighted avg": {
        "precision": 0.9700349256421812,
        "recall": 0.97,
        "f1-score": 0.9699986798679867,
        "support": 2500.0
    }
}